1	121.46.194.195	Shanghai Netlan Network Technology Co. Ltd	China	Shanghai	Shanghai	16		24 Jun 2019, 01:13
2	109.111.183.33	Ltd Siberian Networks	Russia	Novosibirskaya Oblast'	Novosibirsk		3	24 Jun 2019, 01:13
3	34.196.114.208	Amazon.com, Inc	USA	Virginia	Ashburn			24 Jun 2019, 01:13
4	13.249.188.6	Amazon.com, Inc	USA	Washington	Seattle	433		24 Jun 2019, 01:13
5	207.46.13.35	Microsoft Corp	USA	Washington	Redmond		1	24 Jun 2019, 01:13
6	185.32.57.162	Megagroup.ru Llc	Russia	St.-Petersburg	St Petersburg	92		24 Jun 2019, 01:13
7	178.154.244.178	Yandex Llc	Russia				4	24 Jun 2019, 01:13
8	45.32.237.128	Choopa, LLC	Netherlands	North Holland	Amsterdam			24 Jun 2019, 01:13
9	34.242.33.176	Amazon.com, Inc	Ireland	Leinster	Dublin	29		24 Jun 2019, 01:13
10	217.160.83.118	1&1 Internet Ag	Germany					24 Jun 2019, 01:13
11	217.160.82.118	1&1 Internet Ag	Germany					24 Jun 2019, 01:13
12	217.160.81.118	1&1 Internet Ag	Germany					24 Jun 2019, 01:13
13	217.160.80.118	1&1 Internet Ag	Germany					24 Jun 2019, 01:13
14	162.251.82.252	Pdr Ltd	USA	Massachusetts	Burlington			24 Jun 2019, 01:13
15	162.251.82.248	Pdr Ltd	USA	Massachusetts	Burlington			24 Jun 2019, 01:13
16	162.251.82.247	Pdr Ltd	USA	Massachusetts	Burlington			24 Jun 2019, 01:13
17	162.251.82.123	Pdr Ltd	USA	Massachusetts	Burlington			24 Jun 2019, 01:13
18	103.19.128.198	See Owner Information »	India	Madhya Pradesh	Sendhwa			24 Jun 2019, 01:13
19	45.162.228.138	Centro De Operacoes Network Ltda	Brazil	Sao Paulo	São Paulo	49		24 Jun 2019, 01:13
20	217.160.83.20	1&1 Internet Ag	Germany					24 Jun 2019, 01:13
21	217.160.82.20	1&1 Internet Ag	Germany					24 Jun 2019, 01:13
22	217.160.81.20	1&1 Internet Ag	Germany					24 Jun 2019, 01:13
23	217.160.80.20	1&1 Internet Ag	Germany					24 Jun 2019, 01:13
24	103.19.128.0	Skynet Broadband Plus Solution	India	Madhya Pradesh	Indore			24 Jun 2019, 01:13
25	100.43.81.105	Yandex Inc	USA	California	San Jose		3	24 Jun 2019, 01:13
26	66.249.92.40	Google Inc	USA	California	Mountain View		7	24 Jun 2019, 01:13
27	166.62.26.43	Godaddy.com, LLC	USA	Arizona	Scottsdale	93		24 Jun 2019, 01:13
28	217.160.83.75	1&1 Internet Ag	Germany					24 Jun 2019, 01:13
29	217.160.82.75	1&1 Internet Ag	Germany					24 Jun 2019, 01:13
30	217.160.81.75	1&1 Internet Ag	Germany					24 Jun 2019, 01:13
31	217.160.80.75	1&1 Internet Ag	Germany					24 Jun 2019, 01:13
32	207.46.13.175	Microsoft Corp	USA	Washington	Redmond		1	24 Jun 2019, 01:13
33	182.140.167.166	Chinanet Sichuan Province Network	China	Sichuan	Chengdu			24 Jun 2019, 01:13
34	178.154.244.201	Yandex Llc	Russia				5	24 Jun 2019, 01:13
35	178.32.3.143	See Owner Information »	France					24 Jun 2019, 01:13
36	149.56.80.250	See Owner Information »	Canada	Alberta	Airdrie			24 Jun 2019, 01:13
37	140.205.81.23	Zhejiang Taobao Network Co. Ltd	China	Zhejiang	Hangzhou			24 Jun 2019, 01:13
38	108.61.150.91	Choopa, LLC	USA	New Jersey	Matawan			24 Jun 2019, 01:13
39	106.11.211.54	Zhejiang Taobao Network Co. Ltd	China	Zhejiang	Hangzhou			24 Jun 2019, 01:13
40	45.58.35.217	Atlantic.net - New York, NY	USA	New Jersey	Clifton	3		24 Jun 2019, 01:13
41	40.77.167.111	Microsoft Corp	USA	Virginia	Boydton		1	24 Jun 2019, 01:13
42	1.85.33.122	Chinanet Shaanxi Province Network	China	Shaanxi	Xi'an		12	24 Jun 2019, 01:13
43	119.167.66.28	China Unicom Shandong Province Network	China	Shandong	Qingdao		3	24 Jun 2019, 01:13
44	111.161.57.81	China Unicom Tianjin Province Network	China	Tianjin	Tianjin			24 Jun 2019, 01:13
45	13.249.188.27	Amazon.com, Inc	USA	Washington	Seattle	264		24 Jun 2019, 01:13
46	217.160.83.101	1&1 Internet Ag	Germany					24 Jun 2019, 01:13
47	217.160.82.101	1&1 Internet Ag	Germany					24 Jun 2019, 01:13
48	217.160.81.101	1&1 Internet Ag	Germany					24 Jun 2019, 01:13
49	154.92.201.207	See Owner Information »	USA			1		24 Jun 2019, 01:13
50	125.208.12.219	Beijing Primezone Technologies Inc	China	Beijing	Beijing	2		24 Jun 2019, 01:13
